i7_index_sequence	i5_index_sequence	Index_set	Index_length	Index_quarter	plate_pos	set_384_plate_pos
CTGTTAGCGG	CGTAGAACAG	SetB	10	Q1	A1	A1
CGGAAGATAA	CTGGCATATT	SetB	10	Q1	A2	A3
ACACTTCGTT	AGAACCTCGC	SetB	10	Q1	A3	A5
CGTCGCTCAA	TGTCGTTAAG	SetB	10	Q1	A4	A7
ACTTGGCCGA	CATACCGCTG	SetB	10	Q1	A5	A9
GATTGATTGC	CTTCAATAGC	SetB	10	Q1	A6	A11
TTACTCCGGT	CTCAGTCCGT	SetB	10	Q1	A7	A13
CACGCTTGCA	CGCTTACAAT	SetB	10	Q1	A8	A15
TAGACAGAAC	AGAGAGACCG	SetB	10	Q1	A9	A17
ATTGCTCTTC	TAGCACACTT	SetB	10	Q1	A10	A19
GACACACATA	CGGAGCATCT	SetB	10	Q1	A11	A21
CTTCAACGGC	CGCTTGGTTC	SetB	10	Q1	A12	A23
CCACAGGCTA	CTTGAAGAGG	SetB	10	Q1	B1	C1
TGCCGGCATA	AACGCCATTC	SetB	10	Q1	B2	C3
ACTAACGTCT	ACAATTGGTC	SetB	10	Q1	B3	C5
TTCCGGATTA	TAGTGTTACG	SetB	10	Q1	B4	C7
TTCTCGTGTT	CTTCCTAGGC	SetB	10	Q1	B5	C9
CTCGAGTTGT	CTTCTCCAGC	SetB	10	Q1	B6	C11
TCATGTGCCG	TAGCGCAATA	SetB	10	Q1	B7	C13
TGAGAGATAG	TTAGACCACA	SetB	10	Q1	B8	C15
CTGGTAACTT	GACCAAGCAT	SetB	10	Q1	B9	C17
GCATAAGGTA	TATGCAACTC	SetB	10	Q1	B10	C19
CTGGTTAACA	TAACGCAGTC	SetB	10	Q1	B11	C21
GCGAGTACAA	CCATAAGCCA	SetB	10	Q1	B12	C23
CTTGATGGTT	CGGAACCAGT	SetB	10	Q1	C1	E1
TAGTGAAGGA	CGCCATCAAT	SetB	10	Q1	C2	E3
CATGGTGTAC	AGGACCTGTA	SetB	10	Q1	C3	E5
CGATGCGAGA	CTAGACACTC	SetB	10	Q1	C4	E7
TTCTGCCGTA	ACATGGCCTG	SetB	10	Q1	C5	E9
TGCGGTATGG	TCCAGCTCAT	SetB	10	Q1	C6	E11
CCATGCGACT	CACCAGCACA	SetB	10	Q1	C7	E13
TAACAGTGGT	CCGCGATTAG	SetB	10	Q1	C8	E15
TCGGTTACTA	AGTGCCGATG	SetB	10	Q1	C9	E17
ATAGCGGTGC	GATCTATTGG	SetB	10	Q1	C10	E19
TGGTGAGCAA	CATATTGGAG	SetB	10	Q1	C11	E21
TTCCGTTCCA	AAGTCCATAG	SetB	10	Q1	C12	E23
CCGCTTAATT	AGTACCATGA	SetB	10	Q1	D1	G1
GACCTCGTCT	GCCGGTAAGT	SetB	10	Q1	D2	G3
AGCCTATTAG	TACCAGAACG	SetB	10	Q1	D3	G5
ATCGGTAGGC	CATTGGCCAA	SetB	10	Q1	D4	G7
ACCTGATAAG	GCTGGCCAAT	SetB	10	Q1	D5	G9
CCTATATGCA	CTACGTGGTA	SetB	10	Q1	D6	G11
GATCAGGTGC	CTTATTCGGA	SetB	10	Q1	D7	G13
TCACGAGTAC	CTGGCATCCA	SetB	10	Q1	D8	G15
TGCATATGTG	CCTAGCAATT	SetB	10	Q1	D9	G17
GTATAGTACG	CCTCCTCTTG	SetB	10	Q1	D10	G19
TTGGCTGATA	TCGTTGTAGC	SetB	10	Q1	D11	G21
GATGGCTTGG	GCAGACTTCA	SetB	10	Q1	D12	G23
TGAGGCGATC	CCTTAAGCAG	SetB	10	Q1	E1	I1
CCTTCAGAGC	CCTCATAACT	SetB	10	Q1	E2	I3
AGAGGCCAAG	TTCATGGTGC	SetB	10	Q1	E3	I5
ATTCCGATGA	CGGACGGAAT	SetB	10	Q1	E4	I7
TATACGGTGA	CCGTGAGCAA	SetB	10	Q1	E5	I9
TGAGGTAACA	TTGGCATCGC	SetB	10	Q1	E6	I11
TTAGGCCTTC	GATCTGGTTA	SetB	10	Q1	E7	I13
TCGATTCGTA	CCTATAATGC	SetB	10	Q1	E8	I15
ACCTCTAACA	GTAAGGAATC	SetB	10	Q1	E9	I17
AATGAGGAAC	AAGTAACGTC	SetB	10	Q1	E10	I19
CTAATACCAG	TCCAGTTCTC	SetB	10	Q1	E11	I21
TTGGAGGCCT	CTGTAGCGCT	SetB	10	Q1	E12	I23
TCATAGCCGA	AGACTGATCA	SetB	10	Q1	F1	K1
TATGGCTCGC	CGGTTGAACG	SetB	10	Q1	F2	K3
CCTATGAAGG	AGAATGGAGG	SetB	10	Q1	F3	K5
CGTCTCAAGC	GCGCGAACAT	SetB	10	Q1	F4	K7
CATACTCCTC	ACCGGCGAAT	SetB	10	Q1	F5	K9
AAGTGTAAGC	GCCAATTGCA	SetB	10	Q1	F6	K11
AATCATCGAC	CCTGCAGCAT	SetB	10	Q1	F7	K13
TGACTCGCGT	CCAGAGGAAT	SetB	10	Q1	F8	K15
TTCTTCACAG	CCAATCAAGT	SetB	10	Q1	F9	K17
CCGTTGCGTA	CACGTTACTC	SetB	10	Q1	F10	K19
ACGCAGTGGA	CTACGTTCCA	SetB	10	Q1	F11	K21
CCAGGCTCAA	TAAGGTGACA	SetB	10	Q1	F12	K23
CGATTCACTA	AAGCAGGCTC	SetB	10	Q1	G1	M1
CAGTACAGGC	GCTACACGAG	SetB	10	Q1	G2	M3
AGCTTATCAC	TGCTATGCAG	SetB	10	Q1	G3	M5
TTCGTGGTAG	ACCGCTAGCA	SetB	10	Q1	G4	M7
TCGTATATGG	AGACAGTGGC	SetB	10	Q1	G5	M9
ATGGCCGTTC	GTGCAGATTA	SetB	10	Q1	G6	M11
TTCACGTACT	CTTACGAGTA	SetB	10	Q1	G7	M13
AGTTCCGAGC	CCTCACAGAT	SetB	10	Q1	G8	M15
TCTATGTTGG	CCAACAGATT	SetB	10	Q1	G9	M17
TGCCACACTG	TAGAGTGAGA	SetB	10	Q1	G10	M19
TCCGCTTCGA	TAAGGTTCGT	SetB	10	Q1	G11	M21
ACCGTAGTGC	TCGTTCGTAA	SetB	10	Q1	G12	M23
TATAGTCGAC	TCAGCAGAGG	SetB	10	Q1	H1	O1
TCGTACTTGC	GCTAACGGCA	SetB	10	Q1	H2	O3
AGACAACACT	ACGCAAGAAG	SetB	10	Q1	H3	O5
TAGGCAACCG	TAGAGGCTTA	SetB	10	Q1	H4	O7
TTACCATTCG	AGTAGAGTGT	SetB	10	Q1	H5	O9
CCTATTGCGG	TCCTTGTCGG	SetB	10	Q1	H6	O11
CTACGCACAG	CACTAATCAG	SetB	10	Q1	H7	O13
TGCGCCACAA	AACCGAGATT	SetB	10	Q1	H8	O15
AACTTGCCTT	TACACGAAGA	SetB	10	Q1	H9	O17
CCATCTAGAA	AGCGACAGGT	SetB	10	Q1	H10	O19
ATTGTTCCAC	GAGTAACCTT	SetB	10	Q1	H11	O21
CCTCTCCACA	ACGGCTAGAG	SetB	10	Q1	H12	O23
GACTGCAGCA	CTACCGCGTT	SetB	10	Q2	A1	A2
ACTGTAGCTG	GCAAGAGATG	SetB	10	Q2	A2	A4
GCAGATAATC	TCCTACAGCG	SetB	10	Q2	A3	A6
TGCGCTCATG	CCAGTGACGA	SetB	10	Q2	A4	A8
AGGCCTAAGA	GTGGCGGTTA	SetB	10	Q2	A5	A10
TAATCCGCTT	AGACACTCTA	SetB	10	Q2	A6	A12
TTCTTAGTCG	CCAAGCACAA	SetB	10	Q2	A7	A14
TCAGTTGTTG	TATGTGCGCT	SetB	10	Q2	A8	A16
TTCCTTCGAG	CTGTTAGGAT	SetB	10	Q2	A9	A18
AGTAAGCTTC	CGCATCTTGA	SetB	10	Q2	A10	A20
AAGGCGCCAT	AGAGGAGCAG	SetB	10	Q2	A11	A22
CCTAATAGGA	AGGTCGATAA	SetB	10	Q2	A12	A24
TCGTGATTGT	AGCGTAGCAA	SetB	10	Q2	B1	C2
CTGGTGGTCA	CTCAACGGAG	SetB	10	Q2	B2	C4
AGCCTACGTT	CTGTGCATTA	SetB	10	Q2	B3	C6
AACCTTCAAG	GTGCGTCGTA	SetB	10	Q2	B4	C8
TTCACGTCAA	CCATCCGAGT	SetB	10	Q2	B5	C10
TTGGCGTTGT	CGCCACAGAA	SetB	10	Q2	B6	C12
TCTAGACCGG	GCATCTTCTT	SetB	10	Q2	B7	C14
CCTCATAATC	AAGATACAGC	SetB	10	Q2	B8	C16
CCTCACAGAG	TTCCTAGCCG	SetB	10	Q2	B9	C18
TCTTCACCTT	ACCTTCCGGT	SetB	10	Q2	B10	C20
TATACCTCTC	TTACTAGGCA	SetB	10	Q2	B11	C22
GCAGTTAACA	GAGTGTCTCA	SetB	10	Q2	B12	C24
TTATCGCGTA	CGCTACACTC	SetB	10	Q2	C1	E2
TATAGCCAGG	TCGGATGAGG	SetB	10	Q2	C2	E4
CTTATCCGTT	GAGGCCACAT	SetB	10	Q2	C3	E6
AGATAGGTAG	CCATAAGAGG	SetB	10	Q2	C4	E8
CTTAATACGG	TTGGCTAGGC	SetB	10	Q2	C5	E10
GCCGGTGTTA	TTAGAATCGG	SetB	10	Q2	C6	E12
CATATGGCCG	GAACGGACTA	SetB	10	Q2	C7	E14
CCGGATAAGT	TAATATCCGC	SetB	10	Q2	C8	E16
TTGAGACCAG	GCATTCAGCG	SetB	10	Q2	C9	E18
TCCGGTGTGT	AGGCCTTATA	SetB	10	Q2	C10	E20
GATGTTCATC	AACGGATCGC	SetB	10	Q2	C11	E22
TGGCTAGGTT	TACATGCCGT	SetB	10	Q2	C12	E24
TACTATTCCG	CTAGATAACG	SetB	10	Q2	D1	G2
CACGGTATAA	AGAACCGCTA	SetB	10	Q2	D2	G4
ATCTGCAAGA	TTGTCTGTAG	SetB	10	Q2	D3	G6
ACTAGCACGC	CGCTCGTGTT	SetB	10	Q2	D4	G8
CTCGAATGCG	GATCATTCCT	SetB	10	Q2	D5	G10
AGCTGGTAGG	CTTGAATTCG	SetB	10	Q2	D6	G12
TAGGATCAAG	CCGTGTTCTC	SetB	10	Q2	D7	G14
TCGGTCGATG	AGGCAGCTTA	SetB	10	Q2	D8	G16
TTCCTCGGAC	TGACCTGCTG	SetB	10	Q2	D9	G18
AAGTGTTACG	CCTATTCAGT	SetB	10	Q2	D10	G20
CGAGAGGTGA	GTGTACACTA	SetB	10	Q2	D11	G22
AGAGCCTATT	TCGCACTCCA	SetB	10	Q2	D12	G24
TAGTTCCATC	CTGTGAATGT	SetB	10	Q2	E1	I2
CCACTTCGGA	AGGTTACCTT	SetB	10	Q2	E2	I4
GAAGTCATAC	TTGCCATCAG	SetB	10	Q2	E3	I6
TCATCTTGCA	TTGTAGGACA	SetB	10	Q2	E4	I8
AGTTCTTGAC	GCTACTTGAA	SetB	10	Q2	E5	I10
AACGGATTAG	ACGCAAGTTC	SetB	10	Q2	E6	I12
AGAGAGACAA	CCTGCTAGGA	SetB	10	Q2	E7	I14
TCAACGGTAG	TGCGGACACA	SetB	10	Q2	E8	I16
CCAATTCACA	AGGACACATA	SetB	10	Q2	E9	I18
TCTGTGCCAC	GCAAGTATTG	SetB	10	Q2	E10	I20
CTAGCGGTTA	TGAATCGCGT	SetB	10	Q2	E11	I22
CCGAATTGGT	CCAATCCTAA	SetB	10	Q2	E12	I24
TTCACATGAC	TTGGCTGCGT	SetB	10	Q2	F1	K2
CCATGACGCA	GAGACAAGGA	SetB	10	Q2	F2	K4
TCGGCCTATA	CCGGCCATTA	SetB	10	Q2	F3	K6
TCCTTGATGG	CCGTAGTTGG	SetB	10	Q2	F4	K8
AATCTGCGGC	GTGCAGTAAT	SetB	10	Q2	F5	K10
ACTTCAGGCA	TAACTCAGCA	SetB	10	Q2	F6	K12
AGAGACTCGG	TTCTGTTCTG	SetB	10	Q2	F7	K14
ATGGCGTTAG	GCTTGTGCCA	SetB	10	Q2	F8	K16
AAGAGTGTGA	CGATAACCAA	SetB	10	Q2	F9	K18
CCTTAATTGC	GATATACCTC	SetB	10	Q2	F10	K20
ACGGTTGGAC	CACCAATAGT	SetB	10	Q2	F11	K22
AACTTGTTGC	TTCGTCAACT	SetB	10	Q2	F12	K24
TGTGATGGCA	CGTGTTCTTA	SetB	10	Q2	G1	M2
TCTGCACACT	TCACAGCTGC	SetB	10	Q2	G2	M4
AGTCGAATTC	TGAACCACAA	SetB	10	Q2	G3	M6
TCAGGACTCG	CCGCTAGCTT	SetB	10	Q2	G4	M8
AGGTTGCTAG	GCCTAAGAAG	SetB	10	Q2	G5	M10
AGTTATCCTC	TGTTGCACTA	SetB	10	Q2	G6	M12
CTCATCTTAC	CCAGCTATAA	SetB	10	Q2	G7	M14
TTAGCTGGCA	TGGCATCTGG	SetB	10	Q2	G8	M16
TACTTCTGGT	GTCTTATCAG	SetB	10	Q2	G9	M18
TAAGTGTGAG	CAAGAGGAGG	SetB	10	Q2	G10	M20
ACTGGCGCTA	GCAATCGCAA	SetB	10	Q2	G11	M22
TAGCTCTTAG	TCGGTGAATA	SetB	10	Q2	G12	M24
AGCTCTGGCA	CGTAACATAG	SetB	10	Q2	H1	O2
ACGAATAGTC	AAGCTAATGG	SetB	10	Q2	H2	O4
ATGTTACTGC	CAATACCTTC	SetB	10	Q2	H3	O6
TTCATGGTGT	CTCATGATGA	SetB	10	Q2	H4	O8
AGTGCTAACG	AACGAGCCTC	SetB	10	Q2	H5	O10
ATGCAGTTAC	ATGACTGCCG	SetB	10	Q2	H6	O12
GAGTTGCCAG	GACATGAGTT	SetB	10	Q2	H7	O14
CATACTAAGC	CTTAGTTGCA	SetB	10	Q2	H8	O16
GACGACTAAC	CAGGCGTCAA	SetB	10	Q2	H9	O18
GCTTATCGTA	GAAGCAACAA	SetB	10	Q2	H10	O20
GAAGTAGCCG	TAACTCGTGG	SetB	10	Q2	H11	O22
GCACTGCTGT	GACATGTAGA	SetB	10	Q2	H12	O24
AACGCGGTAG	TGCTGCAGTC	SetB	10	Q3	A1	B1
CATCTCTTGC	CAGCTACAGT	SetB	10	Q3	A2	B3
CGCTGTAGGA	GATTATCTGC	SetB	10	Q3	A3	B5
TCGTCACTGG	CATGAGCGCA	SetB	10	Q3	A4	B7
TAACCGCCAC	TCTTAGGCCT	SetB	10	Q3	A5	B9
TAGAGTGTCT	AAGCGGATTA	SetB	10	Q3	A6	B11
TTGTGCTTGG	CGACTAAGAA	SetB	10	Q3	A7	B13
AGCGCACATA	CAACAACTGA	SetB	10	Q3	A8	B15
ATCCTAACAG	CTCGAAGGAA	SetB	10	Q3	A9	B17
TCAAGATGCG	GAAGCTTACT	SetB	10	Q3	A10	B19
CTGCTCCTCT	ATGGCGCCTT	SetB	10	Q3	A11	B21
TTATCGACCT	TCCTATTAGG	SetB	10	Q3	A12	B23
TTGCTACGCT	ACAATCACGA	SetB	10	Q3	B1	D1
CTCCGTTGAG	TGACCACCAG	SetB	10	Q3	B2	D3
TAATGCACAG	AACGTAGGCT	SetB	10	Q3	B3	D5
TACGACGCAC	CTTGAAGGTT	SetB	10	Q3	B4	D7
ACTCGGATGG	TTGACGTGAA	SetB	10	Q3	B5	D9
TTCTGTGGCG	ACAACGCCAA	SetB	10	Q3	B6	D11
AAGAAGATGC	CCGGTCTAGA	SetB	10	Q3	B7	D13
GCTGTATCTT	GATTATGAGG	SetB	10	Q3	B8	D15
CGGCTAGGAA	CTCTGTGAGG	SetB	10	Q3	B9	D17
ACCGGAAGGT	AAGGTGAAGA	SetB	10	Q3	B10	D19
TGCCTAGTAA	GAGAGGTATA	SetB	10	Q3	B11	D21
TGAGACACTC	TGTTAACTGC	SetB	10	Q3	B12	D23
GAGTGTAGCG	TACGCGATAA	SetB	10	Q3	C1	F1
CCTCATCCGA	CCTGGCTATA	SetB	10	Q3	C2	F3
ATGTGGCCTC	AACGGATAAG	SetB	10	Q3	C3	F5
CCTCTTATGG	CTACCTATCT	SetB	10	Q3	C4	F7
GCCTAGCCAA	CCGTATTAAG	SetB	10	Q3	C5	F9
CCGATTCTAA	TAACACCGGC	SetB	10	Q3	C6	F11
TAGTCCGTTC	CGGCCATATG	SetB	10	Q3	C7	F13
GCGGATATTA	ACTTATCCGG	SetB	10	Q3	C8	F15
CGCTGAATGC	CTGGTCTCAA	SetB	10	Q3	C9	F17
TATAAGGCCT	ACACACCGGA	SetB	10	Q3	C10	F19
GCGATCCGTT	GATGAACATC	SetB	10	Q3	C11	F21
ACGGCATGTA	AACCTAGCCA	SetB	10	Q3	C12	F23
CGTTATCTAG	CGGAATAGTA	SetB	10	Q3	D1	H1
TAGCGGTTCT	TTATACCGTG	SetB	10	Q3	D2	H3
CTACAGACAA	TCTTGCAGAT	SetB	10	Q3	D3	H5
AACACGAGCG	GCGTGCTAGT	SetB	10	Q3	D4	H7
AGGAATGATC	CGCATTCGAG	SetB	10	Q3	D5	H9
CGAATTCAAG	CCTACCAGCT	SetB	10	Q3	D6	H11
GAGAACACGG	CTTGATCCTA	SetB	10	Q3	D7	H13
TAAGCTGCCT	CATCGACCGA	SetB	10	Q3	D8	H15
CAGCAGGTCA	GTCCGAGGAA	SetB	10	Q3	D9	H17
ACTGAATAGG	CGTAACACTT	SetB	10	Q3	D10	H19
TAGTGTACAC	TCACCTCTCG	SetB	10	Q3	D11	H21
TGGAGTGCGA	AATAGGCTCT	SetB	10	Q3	D12	H23
ACATTCACAG	GATGGAACTA	SetB	10	Q3	E1	J1
AAGGTAACCT	TCCGAAGTGG	SetB	10	Q3	E2	J3
CTGATGGCAA	GTATGACTTC	SetB	10	Q3	E3	J5
TGTCCTACAA	TGCAAGATGA	SetB	10	Q3	E4	J7
TTCAAGTAGC	GTCAAGAACT	SetB	10	Q3	E5	J9
GAACTTGCGT	CTAATCCGTT	SetB	10	Q3	E6	J11
TCCTAGCAGG	TTGTCTCTCT	SetB	10	Q3	E7	J13
TGTGTCCGCA	CTACCGTTGA	SetB	10	Q3	E8	J15
TATGTGTCCT	TGTGAATTGG	SetB	10	Q3	E9	J17
CAATACTTGC	GTGGCACAGA	SetB	10	Q3	E10	J19
ACGCGATTCA	TAACCGCTAG	SetB	10	Q3	E11	J21
TTAGGATTGG	ACCAATTCGG	SetB	10	Q3	E12	J23
ACGCAGCCAA	GTCATGTGAA	SetB	10	Q3	F1	L1
TCCTTGTCTC	TGCGTCATGG	SetB	10	Q3	F2	L3
TAATGGCCGG	TATAGGCCGA	SetB	10	Q3	F3	L5
CCAACTACGG	CCATCAAGGA	SetB	10	Q3	F4	L7
ATTACTGCAC	GCCGCAGATT	SetB	10	Q3	F5	L9
TGCTGAGTTA	TGCCTGAAGT	SetB	10	Q3	F6	L11
CAGAACAGAA	CCGAGTCTCT	SetB	10	Q3	F7	L13
TGGCACAAGC	CTAACGCCAT	SetB	10	Q3	F8	L15
TTGGTTATCG	TCACACTCTT	SetB	10	Q3	F9	L17
GAGGTATATC	GCAATTAAGG	SetB	10	Q3	F10	L19
ACTATTGGTG	GTCCAACCGT	SetB	10	Q3	F11	L21
AGTTGACGAA	GCAACAAGTT	SetB	10	Q3	F12	L23
TAAGAACACG	TGCCATCACA	SetB	10	Q3	G1	N1
GCAGCTGTGA	AGTGTGCAGA	SetB	10	Q3	G2	N3
TTGTGGTTCA	GAATTCGACT	SetB	10	Q3	G3	N5
AAGCTAGCGG	CGAGTCCTGA	SetB	10	Q3	G4	N7
CTTCTTAGGC	CTAGCAACCT	SetB	10	Q3	G5	N9
TAGTGCAACA	GAGGATAACT	SetB	10	Q3	G6	N11
TTATAGCTGG	GTAAGATGAG	SetB	10	Q3	G7	N13
CCAGATGCCA	TGCCAGCTAA	SetB	10	Q3	G8	N15
CTGATAAGAC	ACCAGAAGTA	SetB	10	Q3	G9	N17
CCTCCTCTTG	CTCACACTTA	SetB	10	Q3	G10	N19
TTGCGATTGC	TAGCGCCAGT	SetB	10	Q3	G11	N21
TATTCACCGA	CTAAGAGCTA	SetB	10	Q3	G12	N23
CTATGTTACG	TGCCAGAGCT	SetB	10	Q3	H1	P1
CCATTAGCTT	GACTATTCGT	SetB	10	Q3	H2	P3
GAAGGTATTG	GCAGTAACAT	SetB	10	Q3	H3	P5
TCATCATGAG	ACACCATGAA	SetB	10	Q3	H4	P7
GAGGCTCGTT	CGTTAGCACT	SetB	10	Q3	H5	P9
CGGCAGTCAT	GTAACTGCAT	SetB	10	Q3	H6	P11
AACTCATGTC	CTGGCAACTC	SetB	10	Q3	H7	P13
TGCAACTAAG	GCTTAGTATG	SetB	10	Q3	H8	P15
TTGACGCCTG	GTTAGTCGTC	SetB	10	Q3	H9	P17
TTGTTGCTTC	TACGATAAGC	SetB	10	Q3	H10	P19
CCACGAGTTA	CGGCTACTTC	SetB	10	Q3	H11	P21
TCTACATGTC	ACAGCAGTGC	SetB	10	Q3	H12	P23
CTGTTCTACG	CCGCTAACAG	SetB	10	Q4	A1	B2
AATATGCCAG	TTATCTTCCG	SetB	10	Q4	A2	B4
GCGAGGTTCT	AACGAAGTGT	SetB	10	Q4	A3	B6
CTTAACGACA	TTGAGCGACG	SetB	10	Q4	A4	B8
CAGCGGTATG	TCGGCCAAGT	SetB	10	Q4	A5	B10
GCTATTGAAG	GCAATCAATC	SetB	10	Q4	A6	B12
ACGGACTGAG	ACCGGAGTAA	SetB	10	Q4	A7	B14
ATTGTAAGCG	TGCAAGCGTG	SetB	10	Q4	A8	B16
CGGTCTCTCT	GTTCTGTCTA	SetB	10	Q4	A9	B18
AAGTGTGCTA	GAAGAGCAAT	SetB	10	Q4	A10	B20
AGATGCTCCG	TATGTGTGTC	SetB	10	Q4	A11	B22
GAACCAAGCG	GCCGTTGAAG	SetB	10	Q4	A12	B24
CCTCTTCAAG	TAGCCTGTGG	SetB	10	Q4	B1	D2
GAATGGCGTT	TATGCCGGCA	SetB	10	Q4	B2	D4
GACCAATTGT	AGACGTTAGT	SetB	10	Q4	B3	D6
CGTAACACTA	TAATCCGGAA	SetB	10	Q4	B4	D8
GCCTAGGAAG	AACACGAGAA	SetB	10	Q4	B5	D10
GCTGGAGAAG	ACAACTCGAG	SetB	10	Q4	B6	D12
TATTGCGCTA	CGGCACATGA	SetB	10	Q4	B7	D14
TGTGGTCTAA	CTATCTCTCA	SetB	10	Q4	B8	D16
ATGCTTGGTC	AAGTTACCAG	SetB	10	Q4	B9	D18
GAGTTGCATA	TACCTTATGC	SetB	10	Q4	B10	D20
GACTGCGTTA	TGTTAACCAG	SetB	10	Q4	B11	D22
TGGCTTATGG	TTGTACTCGC	SetB	10	Q4	B12	D24
ACTGGTTCCG	AACCATCAAG	SetB	10	Q4	C1	F2
ATTGATGGCG	TCCTTCACTA	SetB	10	Q4	C2	F4
TACAGGTCCT	GTACACCATG	SetB	10	Q4	C3	F6
GAGTGTCTAG	TCTCGCATCG	SetB	10	Q4	C4	F8
CAGGCCATGT	TACGGCAGAA	SetB	10	Q4	C5	F10
ATGAGCTGGA	CCATACCGCA	SetB	10	Q4	C6	F12
TGTGCTGGTG	AGTCGCATGG	SetB	10	Q4	C7	F14
CTAATCGCGG	ACCACTGTTA	SetB	10	Q4	C8	F16
CATCGGCACT	TAGTAACCGA	SetB	10	Q4	C9	F18
CCAATAGATC	GCACCGCTAT	SetB	10	Q4	C10	F20
CTCCAATATG	TTGCTCACCA	SetB	10	Q4	C11	F22
CTATGGACTT	TGGAACGGAA	SetB	10	Q4	C12	F24
TCATGGTACT	AATTAAGCGG	SetB	10	Q4	D1	H2
ACTTACCGGC	AGACGAGGTC	SetB	10	Q4	D2	H4
CGTTCTGGTA	CTAATAGGCT	SetB	10	Q4	D3	H6
TTGGCCAATG	GCCTACCGAT	SetB	10	Q4	D4	H8
ATTGGCCAGC	CTTATCAGGT	SetB	10	Q4	D5	H10
TACCACGTAG	TGCATATAGG	SetB	10	Q4	D6	H12
TCCGAATAAG	GCACCTGATC	SetB	10	Q4	D7	H14
TGGATGCCAG	GTACTCGTGA	SetB	10	Q4	D8	H16
AATTGCTAGG	CACATATGCA	SetB	10	Q4	D9	H18
CAAGAGGAGG	CGTACTATAC	SetB	10	Q4	D10	H20
GCTACAACGA	TATCAGCCAA	SetB	10	Q4	D11	H22
TGAAGTCTGC	CCAAGCCATC	SetB	10	Q4	D12	H24
CTGCTTAAGG	GATCGCCTCA	SetB	10	Q4	E1	J2
AGTTATGAGG	GCTCTGAAGG	SetB	10	Q4	E2	J4
GCACCATGAA	CTTGGCCTCT	SetB	10	Q4	E3	J6
ATTCCGTCCG	TCATCGGAAT	SetB	10	Q4	E4	J8
TTGCTCACGG	TCACCGTATA	SetB	10	Q4	E5	J10
GCGATGCCAA	TGTTACCTCA	SetB	10	Q4	E6	J12
TAACCAGATC	GAAGGCCTAA	SetB	10	Q4	E7	J14
GCATTATAGG	TACGAATCGA	SetB	10	Q4	E8	J16
GATTCCTTAC	TGTTAGAGGT	SetB	10	Q4	E9	J18
GACGTTACTT	GTTCCTCATT	SetB	10	Q4	E10	J20
GAGAACTGGA	CTGGTATTAG	SetB	10	Q4	E11	J22
AGCGCTACAG	AGGCCTCCAA	SetB	10	Q4	E12	J24
TGATCAGTCT	TCGGCTATGA	SetB	10	Q4	F1	L2
CGTTCAACCG	GCGAGCCATA	SetB	10	Q4	F2	L4
CCTCCATTCT	CCTTCATAGG	SetB	10	Q4	F3	L6
ATGTTCGCGC	GCTTGAGACG	SetB	10	Q4	F4	L8
ATTCGCCGGT	GAGGAGTATG	SetB	10	Q4	F5	L10
TGCAATTGGC	GCTTACACTT	SetB	10	Q4	F6	L12
ATGCTGCAGG	GTCGATGATT	SetB	10	Q4	F7	L14
ATTCCTCTGG	ACGCGAGTCA	SetB	10	Q4	F8	L16
ACTTGATTGG	CTGTGAAGAA	SetB	10	Q4	F9	L18
GAGTAACGTG	TACGCAACGG	SetB	10	Q4	F10	L20
TGGAACGTAG	TCCACTGCGT	SetB	10	Q4	F11	L22
TGTCACCTTA	TTGAGCCTGG	SetB	10	Q4	F12	L24
GAGCCTGCTT	TAGTGAATCG	SetB	10	Q4	G1	N2
CTCGTGTAGC	GCCTGTACTG	SetB	10	Q4	G2	N4
CTGCATAGCA	GTGATAAGCT	SetB	10	Q4	G3	N6
TGCTAGCGGT	CTACCACGAA	SetB	10	Q4	G4	N8
GCCACTGTCT	CCATATACGA	SetB	10	Q4	G5	N10
TAATCTGCAC	GAACGGCCAT	SetB	10	Q4	G6	N12
TACTCGTAAG	AGTACGTGAA	SetB	10	Q4	G7	N14
ATCTGTGAGG	GCTCGGAACT	SetB	10	Q4	G8	N16
AATCTGTTGG	CCAACATAGA	SetB	10	Q4	G9	N18
TCTCACTCTA	CAGTGTGGCA	SetB	10	Q4	G10	N20
ACGAACCTTA	TCGAAGCGGA	SetB	10	Q4	G11	N22
TTACGAACGA	GCACTACGGT	SetB	10	Q4	G12	N24
CCTCTGCTGA	GTCGACTATA	SetB	10	Q4	H1	P2
TGCCGTTAGC	GCAAGTACGA	SetB	10	Q4	H2	P4
CTTCTTGCGT	AGTGTTGTCT	SetB	10	Q4	H3	P6
TAAGCCTCTA	CGGTTGCCTA	SetB	10	Q4	H4	P8
ACACTCTACT	CGAATGGTAA	SetB	10	Q4	H5	P10
CCGACAAGGA	CCGCAATAGG	SetB	10	Q4	H6	P12
CTGATTAGTG	CTGTGCGTAG	SetB	10	Q4	H7	P14
AATCTCGGTT	TTGTGGCGCA	SetB	10	Q4	H8	P16
TCTTCGTGTA	AAGGCAAGTT	SetB	10	Q4	H9	P18
ACCTGTCGCT	TTCTAGATGG	SetB	10	Q4	H10	P20
AAGGTTACTC	GTGGAACAAT	SetB	10	Q4	H11	P22
CTCTAGCCGT	TGTGGAGAGG	SetB	10	Q4	H12	P24
