i7_index_sequence	i5_index_sequence	Index_set	Index_length	Index_quarter	plate_pos
CATTGCCTAT	ACGATCAGAC	Set1	8	Q1	A1
CTAGGTGAAT	TCGAGAGTAC	Set1	8	Q1	A2
TCCGTATGAT	CTAGCTCAAC	Set1	8	Q1	A3
ACGATGACAT	ATCGTCTCAC	Set1	8	Q1	A4
GTCGGTAAAT	TCGACAAGAC	Set1	8	Q1	A5
TCGAAGGTAT	CCTTGGAAAC	Set1	8	Q1	A6
AGAAGCGTAT	ATCATGCGAC	Set1	8	Q1	A7
CTCTACTCAT	TGTTCCGTAC	Set1	8	Q1	A8
CTAGGCATAT	ATTAGCCGAC	Set1	8	Q1	A9
TGGAGTTGAT	CGATCGATAC	Set1	8	Q1	A10
GAGGACTTAT	GATCTTGCAC	Set1	8	Q1	A11
CAATCGACAT	AGGATAGCAC	Set1	8	Q1	A12
TCTAACGCAT	GTAGCGTAAC	Set1	8	Q1	B1
TCTCGCAAAT	AGAGTCCAAC	Set1	8	Q1	B2
ATCGGTGTAT	GCTACTCTAC	Set1	8	Q1	B3
GAGATACGAT	CTCTGGATAC	Set1	8	Q1	B4
GTCTCCTTAT	AGATCGTCAC	Set1	8	Q1	B5
AGTCGACAAT	GCTCAGTTAC	Set1	8	Q1	B6
CGGATTGAAT	GTCCTAAGAC	Set1	8	Q1	B7
CACAAGTCAT	TATGGCACAC	Set1	8	Q1	B8
TACATCGGAT	TCGGATTCAC	Set1	8	Q1	B9
AGCTCCTAAT	AACAGCGAAC	Set1	8	Q1	B10
ACTCGTTGAT	CCAACGAAAC	Set1	8	Q1	B11
CTGACACAAT	CAGTGCTTAC	Set1	8	Q1	B12
CAACCTAGAT	GATCAAGGAC	Set1	8	Q1	C1
AAGGACACAT	TCTTCGACAC	Set1	8	Q1	C2
TGCAGGTAAT	ATCGTGGTAC	Set1	8	Q1	C3
ACCTAAGGAT	CGGTAATCAC	Set1	8	Q1	C4
AGTCTGTGAT	AGTTGTGCAC	Set1	8	Q1	C5
AGGTTCGAAT	AATGACGCAC	Set1	8	Q1	C6
GACTATGCAT	TACCGGATAC	Set1	8	Q1	C7
TTCAGGAGAT	TTGCAACGAC	Set1	8	Q1	C8
TGTGCGTTAT	CACTTCACAC	Set1	8	Q1	C9
CGAGACTAAT	TAGCCATGAC	Set1	8	Q1	C10
CTCAGAGTAT	ACAGGCATAC	Set1	8	Q1	C11
GCCATAACAT	AGGTGTTGAC	Set1	8	Q1	C12
TTACCGAGAT	CAGTCACAAC	Set1	8	Q1	D1
GCTCTGTAAT	TCGATGACAC	Set1	8	Q1	D2
CGTTATGCAT	GAAGTGCTAC	Set1	8	Q1	D3
GTCTGATCAT	CTTCCTTCAC	Set1	8	Q1	D4
TAGTTGCGAT	CGAACAACAC	Set1	8	Q1	D5
TGATCGGAAT	AACAACCGAC	Set1	8	Q1	D6
CCAAGTTGAT	ACCTCAGTAC	Set1	8	Q1	D7
CCTACTGAAT	CGTCTTCAAC	Set1	8	Q1	D8
CTTGCTGTAT	TGCGTAACAC	Set1	8	Q1	D9
TGCCATTCAT	AACACGCTAC	Set1	8	Q1	D10
TTGATCCGAT	ACTCGATCAC	Set1	8	Q1	D11
AGTGCAGTAT	TGAGCTGTAC	Set1	8	Q1	D12
GACTTAGGAT	TACTGCTCAC	Set1	8	Q1	E1
CGTACGAAAT	GACGAACTAC	Set1	8	Q1	E2
TACCAGGAAT	CTTCGCAAAC	Set1	8	Q1	E3
CGTCAATGAT	ATGGCGATAC	Set1	8	Q1	E4
GAAGAGGTAT	ACATGCCAAC	Set1	8	Q1	E5
GACGAATGAT	GTCAACAGAC	Set1	8	Q1	E6
AGGAGGAAAT	GTGGTATGAC	Set1	8	Q1	E7
CTTACAGCAT	CCAACTTCAC	Set1	8	Q1	E8
GAGATGTCAT	GACGTCATAC	Set1	8	Q1	E9
TACGGTTGAT	ACGTCCAAAC	Set1	8	Q1	E10
CTATCGCAAT	GATCCACTAC	Set1	8	Q1	E11
TCGAACCAAT	AGCCTATCAC	Set1	8	Q1	E12
GAACGCTTAT	AGCTACCAAC	Set1	8	Q1	F1
CAGAATCGAT	AGATTGCGAC	Set1	8	Q1	F2
ATGGTTGCAT	CACACATCAC	Set1	8	Q1	F3
GCTGGATTAT	GAGCAATCAC	Set1	8	Q1	F4
GATGCACTAT	ATAGAGCGAC	Set1	8	Q1	F5
ACCAATGCAT	GACCGATAAC	Set1	8	Q1	F6
GTCCTAAGAT	CAGACGTTAC	Set1	8	Q1	F7
CCGACTATAT	CTGAACGTAC	Set1	8	Q1	F8
TTGGTCTCAT	TTGGACTGAC	Set1	8	Q1	F9
GCCTTGTTAT	GTCTGCAAAC	Set1	8	Q1	F10
GATACTGGAT	CCACATTGAC	Set1	8	Q1	F11
ATTCGAGGAT	GATGGAGTAC	Set1	8	Q1	F12
GTCAGTTGAT	AGGTCAACAC	Set1	8	Q1	G1
GTAGAGCAAT	TACACACGAC	Set1	8	Q1	G2
ACGTGATGAT	CAAGTCGTAC	Set1	8	Q1	G3
TAAGTGGCAT	AGCTAGTGAC	Set1	8	Q1	G4
TGTGAAGCAT	CTCCTAGTAC	Set1	8	Q1	G5
CATTCGGTAT	ACTCCTACAC	Set1	8	Q1	G6
TTGGTGAGAT	CAATCAGGAC	Set1	8	Q1	G7
CAGTTCTGAT	TCGTGCATAC	Set1	8	Q1	G8
AGGCTTCTAT	TAACGTCGAC	Set1	8	Q1	G9
GAATCGTGAT	AAGGCGTAAC	Set1	8	Q1	G10
ACCAGCTTAT	TCTTACGGAC	Set1	8	Q1	G11
CTCATTGCAT	CGTGTGATAC	Set1	8	Q1	G12
CGATAGAGAT	AACAGGTGAC	Set1	8	Q1	H1
TGGAGAGTAT	AGTCGAAGAC	Set1	8	Q1	H2
GTATGCTGAT	TGGAAGCAAC	Set1	8	Q1	H3
CTGGAGTAAT	CTCGTTCTAC	Set1	8	Q1	H4
AATGCCTCAT	ACGAGAACAC	Set1	8	Q1	H5
TGAGGTGTAT	AAGCCTGAAC	Set1	8	Q1	H6
ACATTGCGAT	CTACAAGGAC	Set1	8	Q1	H7
TCTCTAGGAT	CGATGTTCAC	Set1	8	Q1	H8
CGCTAGTAAT	ACCGGTTAAC	Set1	8	Q1	H9
AATGGACGAT	GAACGGTTAC	Set1	8	Q1	H10
GATAGCGAAT	CTGTACCAAC	Set1	8	Q1	H11
CGACCATTAT	GCGCATATAC	Set1	8	Q1	H12
CTTCGTTCAT	TGATAGGCAC	Set1	8	Q2	A1
GTCTAGGTAT	CATCCAAGAC	Set1	8	Q2	A2
ACGTCGTAAT	GTGAGACTAC	Set1	8	Q2	A3
GAGCTCAAAT	CTGATGAGAC	Set1	8	Q2	A4
CGTGTACTAT	ACGGTACAAC	Set1	8	Q2	A5
CACTGACAAT	CTCGACTTAC	Set1	8	Q2	A6
TCGTAGTCAT	ACAACGTGAC	Set1	8	Q2	A7
GCACGTAAAT	TGCTGTGAAC	Set1	8	Q2	A8
CAAGCAGTAT	CCAAGTAGAC	Set1	8	Q2	A9
ACATAGGCAT	AACTGAGGAC	Set1	8	Q2	A10
TGTGGTACAT	AGGTAGGAAC	Set1	8	Q2	A11
CACCACTAAT	TTCGCCATAC	Set1	8	Q2	A12
CTGCGTATAT	CAGGTAAGAC	Set1	8	Q2	B1
ACGGTCTTAT	GTATCGAGAC	Set1	8	Q2	B2
GATTGGAGAT	TTCACGGAAC	Set1	8	Q2	B3
TGTCCAGAAT	GAGCTCTAAC	Set1	8	Q2	B4
CCAGTGTTAT	GTCAGTCAAC	Set1	8	Q2	B5
TGCACCAAAT	CACGTCTAAC	Set1	8	Q2	B6
TTGACAGGAT	AATTCCGGAC	Set1	8	Q2	B7
AGGCATAGAT	TCTAGGAGAC	Set1	8	Q2	B8
TAGCCGAAAT	ATCCGTTGAC	Set1	8	Q2	B9
TTGTCGGTAT	GATAGCCAAC	Set1	8	Q2	B10
CATCTACGAT	TATGACCGAC	Set1	8	Q2	B11
GCATACAGAT	CGATTGGAAC	Set1	8	Q2	B12
ACAGCAACAT	ACAAGCTCAC	Set1	8	Q2	C1
CTGGTTCTAT	GAACCTTCAC	Set1	8	Q2	C2
TCGACATCAT	AGCGAGATAC	Set1	8	Q2	C3
AACCTCCTAT	CCGTAACTAC	Set1	8	Q2	C4
CAGCGATTAT	TCAGACACAC	Set1	8	Q2	C5
AGGTCACTAT	CGAAGTCAAC	Set1	8	Q2	C6
GCAATTCGAT	GTGATCCAAC	Set1	8	Q2	C7
GCTTCTTGAT	ACTGGTGTAC	Set1	8	Q2	C8
AACTGGTGAT	CTAACCTGAC	Set1	8	Q2	C9
CGGAATACAT	AGCCAACTAC	Set1	8	Q2	C10
GCTTCGAAAT	CCAGTTGAAC	Set1	8	Q2	C11
CAAGGTCTAT	AAGTGCAGAC	Set1	8	Q2	C12
AACCTTGGAT	AACCGTGTAC	Set1	8	Q2	D1
CCATACGTAT	CGCGTATTAC	Set1	8	Q2	D2
TGGTCCTTAT	AGTTCGCAAC	Set1	8	Q2	D3
ACCGCATAAT	TAGTCAGCAC	Set1	8	Q2	D4
CCTTCCTTAT	AACACCACAC	Set1	8	Q2	D5
TACACGCTAT	GTAAGCACAC	Set1	8	Q2	D6
TGCGTAGAAT	GTCCTTGAAC	Set1	8	Q2	D7
AAGAGCCAAT	CAGGTTCAAC	Set1	8	Q2	D8
ATGGAAGGAT	CCAACACTAC	Set1	8	Q2	D9
GCCAGTATAT	GAGAGTACAC	Set1	8	Q2	D10
CGTAGGTTAT	AGATACGGAC	Set1	8	Q2	D11
CGAGTATGAT	GTTCTTCGAC	Set1	8	Q2	D12
CAAGTGCAAT	ATTCCGCTAC	Set1	8	Q2	E1
TCGAGTGAAT	AAGCTCACAC	Set1	8	Q2	E2
CTACAGTGAT	TGATCACGAC	Set1	8	Q2	E3
GATCGTACAT	CAATGCGAAC	Set1	8	Q2	E4
CTTCACCAAT	ATGCGTCAAC	Set1	8	Q2	E5
CTCAGCTAAT	TACATCGGAC	Set1	8	Q2	E6
TCTGCTCTAT	ACTGCGAAAC	Set1	8	Q2	E7
AACCGAAGAT	TCTGTCGTAC	Set1	8	Q2	E8
GCTGTTGTAT	CTCAAGCTAC	Set1	8	Q2	E9
TTACGGCTAT	AACCACTCAC	Set1	8	Q2	E10
GACAAGAGAT	CTTACAGCAC	Set1	8	Q2	E11
AGGATCTGAT	AGTCTTGGAC	Set1	8	Q2	E12
GTAGCATCAT	CACGCAATAC	Set1	8	Q2	F1
GTGTTCCTAT	AGCTTCAGAC	Set1	8	Q2	F2
AGGATGGTAT	CCTCGTTAAC	Set1	8	Q2	F3
TCACGTTCAT	TGAGACGAAC	Set1	8	Q2	F4
GCGTTCTAAT	CACAGGAAAC	Set1	8	Q2	F5
CTCTGGTTAT	ACTCAACGAC	Set1	8	Q2	F6
TTAGGTCGAT	AAGCGACTAC	Set1	8	Q2	F7
TCTGAGAGAT	CCTACCTAAC	Set1	8	Q2	F8
TTCAGCCTAT	ATCTCCTGAC	Set1	8	Q2	F9
TCTCCGATAT	TCACGATGAC	Set1	8	Q2	F10
CAGGTATCAT	CCACAACAAC	Set1	8	Q2	F11
AGTCAGGAAT	AGGTCTGTAC	Set1	8	Q2	F12
AAGGCTGAAT	AGAAGGACAC	Set1	8	Q2	G1
CGATGCTTAT	GCGTATCAAC	Set1	8	Q2	G2
GTATTGGCAT	CAACACAGAC	Set1	8	Q2	G3
ACTGTGTCAT	TCCACGTTAC	Set1	8	Q2	G4
TGCCTCTTAT	ATCGCAACAC	Set1	8	Q2	G5
CAGTCTTCAT	ACGTCGTTAC	Set1	8	Q2	G6
CATAACGGAT	CGAATACGAC	Set1	8	Q2	G7
ACTGCTAGAT	TGCTTGCTAC	Set1	8	Q2	G8
ATTCTGGCAT	CTCGAACAAC	Set1	8	Q2	G9
TTCTCTCGAT	ACATGGAGAC	Set1	8	Q2	G10
TCCGAGTTAT	ACAAGACGAC	Set1	8	Q2	G11
CGAACTGTAT	CGCCTTATAC	Set1	8	Q2	G12
AACGGTCAAT	AGCAGACAAC	Set1	8	Q2	H1
AGCAGATGAT	GTTAAGCGAC	Set1	8	Q2	H2
TATCAGCGAT	CATGGATCAC	Set1	8	Q2	H3
TCAGACGAAT	ACAGAGGTAC	Set1	8	Q2	H4
ACCATGTGAT	TAAGTGGCAC	Set1	8	Q2	H5
CTAACTCGAT	AGTCAGGTAC	Set1	8	Q2	H6
GCTTAGCTAT	GCCTTAACAC	Set1	8	Q2	H7
CATGGAACAT	GTTGGCATAC	Set1	8	Q2	H8
TAGGATGCAT	CAACCTCTAC	Set1	8	Q2	H9
GTTCATGGAT	TGGATGGTAC	Set1	8	Q2	H10
TCGTGGATAT	CTATCCACAC	Set1	8	Q2	H11
ACCTTCTCAT	GATCTCAGAC	Set1	8	Q2	H12
GCCTATCAAT	GAACGAAGAC	Set1	8	Q3	A1
CTTGGATGAT	ACCTAGACAC	Set1	8	Q3	A2
AGTCTCACAT	TACGACGTAC	Set1	8	Q3	A3
CTCATCAGAT	TTGAGCTCAC	Set1	8	Q3	A4
TGTACCGTAT	AGTACACGAC	Set1	8	Q3	A5
AAGTCGAGAT	TGTCAGTGAC	Set1	8	Q3	A6
CACGTTGTAT	GACTACGAAC	Set1	8	Q3	A7
TCACAGCAAT	TTACGTGCAC	Set1	8	Q3	A8
CTACTTGGAT	ACTGCTTGAC	Set1	8	Q3	A9
CCTCAGTTAT	GCCTATGTAC	Set1	8	Q3	A10
TCCTACCTAT	GTACCACAAC	Set1	8	Q3	A11
ATGGCGAAAT	TAGTGGTGAC	Set1	8	Q3	A12
CTTACCTGAT	ATACGCAGAC	Set1	8	Q3	B1
CTCGATACAT	AAGACCGTAC	Set1	8	Q3	B2
TCCGTGAAAT	CTCCAATCAC	Set1	8	Q3	B3
TAGAGCTCAT	TCTGGACAAC	Set1	8	Q3	B4
TGACTGACAT	AACACTGGAC	Set1	8	Q3	B5
TAGACGTGAT	TTGGTGCAAC	Set1	8	Q3	B6
CCGGAATTAT	CCTGTCAAAC	Set1	8	Q3	B7
CTCCTAGAAT	CTATGCCTAC	Set1	8	Q3	B8
CAACGGATAT	TTCGGCTAAC	Set1	8	Q3	B9
TGGCTATCAT	ACCGACAAAC	Set1	8	Q3	B10
CGGTCATAAT	CGTAGATGAC	Set1	8	Q3	B11
TCCAATCGAT	CTGTATGCAC	Set1	8	Q3	B12
GAGCTTGTAT	GTTGCTGTAC	Set1	8	Q3	C1
GAAGGTTCAT	AGAACCAGAC	Set1	8	Q3	C2
ATCTCGCTAT	GATGTCGAAC	Set1	8	Q3	C3
AGTTACGGAT	AGGAGGTTAC	Set1	8	Q3	C4
GTGTCTGAAT	AATCGCTGAC	Set1	8	Q3	C5
TGACTTCGAT	AGTGACCTAC	Set1	8	Q3	C6
TGGATCACAT	CGAATTGCAC	Set1	8	Q3	C7
ACACCAGTAT	CAAGAAGCAC	Set1	8	Q3	C8
CAGGTTAGAT	CACCAGTTAC	Set1	8	Q3	C9
AGTTGGCTAT	GTATTCCGAC	Set1	8	Q3	C10
TCAACTGGAT	TTCGAAGCAC	Set1	8	Q3	C11
CTGCACTTAT	AGACCTTGAC	Set1	8	Q3	C12
ACACGGTTAT	CCAAGGTTAC	Set1	8	Q3	D1
AATACGCGAT	ACGTATGGAC	Set1	8	Q3	D2
TGCGAACTAT	AAGGACCAAC	Set1	8	Q3	D3
GCTGACTAAT	TATGCGGTAC	Set1	8	Q3	D4
GTGGTGTTAT	AAGGAAGGAC	Set1	8	Q3	D5
GTGCTTACAT	AGCGTGTAAC	Set1	8	Q3	D6
TCAAGGACAT	TCTACGCAAC	Set1	8	Q3	D7
TGAACCTGAT	TGGCTCTTAC	Set1	8	Q3	D8
AGTGTTGGAT	CCTTCCATAC	Set1	8	Q3	D9
GTACTCTCAT	ATACTGGCAC	Set1	8	Q3	D10
CCGTATCTAT	AACCTACGAC	Set1	8	Q3	D11
CGAAGAACAT	CATACTCGAC	Set1	8	Q3	D12
AGCGGAATAT	TGCACTTGAC	Set1	8	Q3	E1
GTGAGCTTAT	TCACTCGAAC	Set1	8	Q3	E2
CGTGATCAAT	CACTGTAGAC	Set1	8	Q3	E3
TCGCATTGAT	GTACGATCAC	Set1	8	Q3	E4
TGACGCATAT	TGGTGAAGAC	Set1	8	Q3	E5
CCGATGTAAT	TAGCTGAGAC	Set1	8	Q3	E6
TTCGCAGTAT	AGAGCAGAAC	Set1	8	Q3	E7
ACGACAGAAT	CTTCGGTTAC	Set1	8	Q3	E8
AGCTTGAGAT	ACAACAGCAC	Set1	8	Q3	E9
GAGTGGTTAT	AGCCGTAAAC	Set1	8	Q3	E10
GCTGTAAGAT	CTCTTGTCAC	Set1	8	Q3	E11
CCAAGACTAT	CAGATCCTAC	Set1	8	Q3	E12
ATTGCGTGAT	GATGCTACAC	Set1	8	Q3	F1
CTGAAGCTAT	AGGAACACAC	Set1	8	Q3	F2
TAACGAGGAT	ACCATCCTAC	Set1	8	Q3	F3
TCGTCTCAAT	GAACGTGAAC	Set1	8	Q3	F4
TTCCTGTGAT	TAGAACGCAC	Set1	8	Q3	F5
CGTTGAGTAT	AACCAGAGAC	Set1	8	Q3	F6
AGTCGCTTAT	CGACCTAAAC	Set1	8	Q3	F7
TAGGTAGGAT	CTCTCAGAAC	Set1	8	Q3	F8
CAGGAGATAT	AGGCTGAAAC	Set1	8	Q3	F9
CATCGTGAAT	ATCGGAGAAC	Set1	8	Q3	F10
TGTTGTGGAT	GATACCTGAC	Set1	8	Q3	F11
ACAGACCTAT	TCCTGACTAC	Set1	8	Q3	F12
GTCCTTCTAT	TCAGCCTTAC	Set1	8	Q3	G1
TGATACGCAT	AAGCATCGAC	Set1	8	Q3	G2
CTGTGTTGAT	GCCAATACAC	Set1	8	Q3	G3
AACGTGGAAT	GACACAGTAC	Set1	8	Q3	G4
GTTGCGATAT	AAGAGGCAAC	Set1	8	Q3	G5
AACGACGTAT	GAAGACTGAC	Set1	8	Q3	G6
CGTATTCGAT	CCGTTATGAC	Set1	8	Q3	G7
AGCAAGCAAT	CTAGCAGTAC	Set1	8	Q3	G8
TGTTCGAGAT	GCCAGAATAC	Set1	8	Q3	G9
CTCCATGTAT	CGAGAGAAAC	Set1	8	Q3	G10
CGTCTTGTAT	AACTCGGAAC	Set1	8	Q3	G11
ATAAGGCGAT	ACAGTTCGAC	Set1	8	Q3	G12
TGTCTGCTAT	TGACCGTTAC	Set1	8	Q3	H1
CGCTTAACAT	CATCTGCTAC	Set1	8	Q3	H2
GATCCATGAT	CGCTGATAAC	Set1	8	Q3	H3
ACCTCTGTAT	TCGTCTGAAC	Set1	8	Q3	H4
GCCACTTAAT	CACATGGTAC	Set1	8	Q3	H5
ACCTGACTAT	CGAGTTAGAC	Set1	8	Q3	H6
GTTAAGGCAT	AGCTAAGCAC	Set1	8	Q3	H7
ATGCCAACAT	GTTCCATGAC	Set1	8	Q3	H8
AGAGGTTGAT	GCATCCTAAC	Set1	8	Q3	H9
ACCATCCAAT	CCATGAACAC	Set1	8	Q3	H10
GTGGATAGAT	ATCCACGAAC	Set1	8	Q3	H11
CTGAGATCAT	GAGAAGGTAC	Set1	8	Q3	H12
CTGATCGTAT	AGGCAATGAC	Set1	8	Q4	A1
ACTCTCGAAT	TCACCTAGAC	Set1	8	Q4	A2
TGAGCTAGAT	CATACGGAAC	Set1	8	Q4	A3
GAGACGATAT	GTCATCGTAC	Set1	8	Q4	A4
CTTGTCGAAT	TTACCGACAC	Set1	8	Q4	A5
TTCCAAGGAT	ACCTTCGAAC	Set1	8	Q4	A6
CGCATGATAT	ACGCTTCTAC	Set1	8	Q4	A7
ACGGAACAAT	GAGTAGAGAC	Set1	8	Q4	A8
CGGCTAATAT	ATGCCTAGAC	Set1	8	Q4	A9
ATCGATCGAT	CAACTCCAAC	Set1	8	Q4	A10
GCAAGATCAT	AAGTCCTCAC	Set1	8	Q4	A11
GCTATCCTAT	GTCGATTGAC	Set1	8	Q4	A12
TACGCTACAT	GCGTTAGAAC	Set1	8	Q4	B1
TGGACTCTAT	TTGCGAGAAC	Set1	8	Q4	B2
AGAGTAGCAT	ACACCGATAC	Set1	8	Q4	B3
ATCCAGAGAT	CGTATCTCAC	Set1	8	Q4	B4
GACGATCTAT	AAGGAGACAC	Set1	8	Q4	B5
AACTGAGCAT	TGTCGACTAC	Set1	8	Q4	B6
CTTAGGACAT	TCAATCCGAC	Set1	8	Q4	B7
GTGCCATAAT	GACTTGTGAC	Set1	8	Q4	B8
GAATCCGAAT	CCGATGTAAC	Set1	8	Q4	B9
TCGCTGTTAT	TAGGAGCTAC	Set1	8	Q4	B10
TTCGTTGGAT	CAACGAGTAC	Set1	8	Q4	B11
AAGCACTGAT	TGTGTCAGAC	Set1	8	Q4	B12
CCTTGATCAT	CTAGGTTGAC	Set1	8	Q4	C1
GTCGAAGAAT	GTGTCCTTAC	Set1	8	Q4	C2
ACCACGATAT	TACCTGCAAC	Set1	8	Q4	C3
GATTACCGAT	CCTTAGGTAC	Set1	8	Q4	C4
GCACAACTAT	CACAGACTAC	Set1	8	Q4	C5
GCGTCATTAT	TCGAACCTAC	Set1	8	Q4	C6
ATCCGGTAAT	GCATAGTCAC	Set1	8	Q4	C7
CGTTGCAAAT	CTCCTGAAAC	Set1	8	Q4	C8
GTGAAGTGAT	AACGCACAAC	Set1	8	Q4	C9
CATGGCTAAT	TAGTCTCGAC	Set1	8	Q4	C10
ATGCCTGTAT	ACTCTGAGAC	Set1	8	Q4	C11
CAACACCTAT	GTTATGGCAC	Set1	8	Q4	C12
TGTGACTGAT	CTCGGTAAAC	Set1	8	Q4	D1
GTCATCGAAT	TACAGAGCAC	Set1	8	Q4	D2
AGCACTTCAT	GCATAACGAC	Set1	8	Q4	D3
GAAGGAAGAT	GATCAGACAC	Set1	8	Q4	D4
GTTGTTCGAT	CGCAACTAAC	Set1	8	Q4	D5
CGGTTGTTAT	TCCGATCAAC	Set1	8	Q4	D6
ACTGAGGTAT	CAACTTGGAC	Set1	8	Q4	D7
TGAAGACGAT	TCAGTAGGAC	Set1	8	Q4	D8
GTTACGCAAT	ACAGCAAGAC	Set1	8	Q4	D9
AGCGTGTTAT	GAATGGCAAC	Set1	8	Q4	D10
GATCGAGTAT	CGGATCAAAC	Set1	8	Q4	D11
ACAGCTCAAT	ACTGCACTAC	Set1	8	Q4	D12
GAGCAGTAAT	CCTAAGTCAC	Set1	8	Q4	E1
AGTTCGTCAT	TTCGTACGAC	Set1	8	Q4	E2
TTGCGAAGAT	TCCTGGTAAC	Set1	8	Q4	E3
ATCGCCATAT	CATTGACGAC	Set1	8	Q4	E4
TGGCATGTAT	ACCTCTTCAC	Set1	8	Q4	E5
CTGTTGACAT	CATTCGTCAC	Set1	8	Q4	E6
CATACCACAT	TTCCTCCTAC	Set1	8	Q4	E7
GAAGTTGGAT	GCTGTAAGAC	Set1	8	Q4	E8
ATGACGTCAT	GACATCTCAC	Set1	8	Q4	E9
TTGGACGTAT	CAACCGTAAC	Set1	8	Q4	E10
AGTGGATCAT	TGCGATAGAC	Set1	8	Q4	E11
GATAGGCTAT	TGGTTCGAAC	Set1	8	Q4	E12
TGGTAGCTAT	AAGCGTTCAC	Set1	8	Q4	F1
CGCAATCTAT	CGATTCTGAC	Set1	8	Q4	F2
GATGTGTGAT	GCAACCATAC	Set1	8	Q4	F3
GATTGCTCAT	AATCCAGCAC	Set1	8	Q4	F4
CGCTCTATAT	AGTGCATCAC	Set1	8	Q4	F5
TATCGGTCAT	GCATTGGTAC	Set1	8	Q4	F6
AACGTCTGAT	CTTAGGACAC	Set1	8	Q4	F7
ACGTTCAGAT	ATAGTCGGAC	Set1	8	Q4	F8
CAGTCCAAAT	GAGACCAAAC	Set1	8	Q4	F9
TTGCAGACAT	AACAAGGCAC	Set1	8	Q4	F10
CAATGTGGAT	CCAGTATCAC	Set1	8	Q4	F11
ACTCCATCAT	CCTCGAATAC	Set1	8	Q4	F12
GTTGACCTAT	CAACTGACAC	Set1	8	Q4	G1
CGTGTGTAAT	TGCTCTACAC	Set1	8	Q4	G2
ACGACTTGAT	CATCACGTAC	Set1	8	Q4	G3
CACTAGCTAT	GCCACTTAAC	Set1	8	Q4	G4
ACTAGGAGAT	GCTTCACAAC	Set1	8	Q4	G5
GTAGGAGTAT	ACCGAATGAC	Set1	8	Q4	G6
CCTGATTGAT	CTCACCAAAC	Set1	8	Q4	G7
ATGCACGAAT	CAGAACTGAC	Set1	8	Q4	G8
CGACGTTAAT	AGAAGCCTAC	Set1	8	Q4	G9
TACGCCTTAT	CACGATTCAC	Set1	8	Q4	G10
CCGTAAGAAT	AAGCTGGTAC	Set1	8	Q4	G11
ATCACACGAT	GCAATGAGAC	Set1	8	Q4	G12
CACCTGTTAT	CTCTATCGAC	Set1	8	Q4	H1
CTTCGACTAT	ACTCTCCAAC	Set1	8	Q4	H2
TGCTTCCAAT	CAGCATACAC	Set1	8	Q4	H3
AGAACGAGAT	TACTCCAGAC	Set1	8	Q4	H4
GTTCTCGTAT	GAGGCATTAC	Set1	8	Q4	H5
TCAGGCTTAT	ACACCTCAAC	Set1	8	Q4	H6
CCTTGTAGAT	CGCAATGTAC	Set1	8	Q4	H7
GAACATCGAT	CCTAGAGAAC	Set1	8	Q4	H8
TAACCGGTAT	TACTAGCGAC	Set1	8	Q4	H9
AACCGTTCAT	CGTCCATTAC	Set1	8	Q4	H10
TGGTACAGAT	TCGCTATCAC	Set1	8	Q4	H11
ATATGCGCAT	AATGGTCGAC	Set1	8	Q4	H12
CTGTTAGCGG	CGTAGAACAG	SetB	10	Q1	A1
CGGAAGATAA	CTGGCATATT	SetB	10	Q1	A2
ACACTTCGTT	AGAACCTCGC	SetB	10	Q1	A3
CGTCGCTCAA	TGTCGTTAAG	SetB	10	Q1	A4
ACTTGGCCGA	CATACCGCTG	SetB	10	Q1	A5
GATTGATTGC	CTTCAATAGC	SetB	10	Q1	A6
TTACTCCGGT	CTCAGTCCGT	SetB	10	Q1	A7
CACGCTTGCA	CGCTTACAAT	SetB	10	Q1	A8
TAGACAGAAC	AGAGAGACCG	SetB	10	Q1	A9
ATTGCTCTTC	TAGCACACTT	SetB	10	Q1	A10
GACACACATA	CGGAGCATCT	SetB	10	Q1	A11
CTTCAACGGC	CGCTTGGTTC	SetB	10	Q1	A12
CCACAGGCTA	CTTGAAGAGG	SetB	10	Q1	B1
TGCCGGCATA	AACGCCATTC	SetB	10	Q1	B2
ACTAACGTCT	ACAATTGGTC	SetB	10	Q1	B3
TTCCGGATTA	TAGTGTTACG	SetB	10	Q1	B4
TTCTCGTGTT	CTTCCTAGGC	SetB	10	Q1	B5
CTCGAGTTGT	CTTCTCCAGC	SetB	10	Q1	B6
TCATGTGCCG	TAGCGCAATA	SetB	10	Q1	B7
TGAGAGATAG	TTAGACCACA	SetB	10	Q1	B8
CTGGTAACTT	GACCAAGCAT	SetB	10	Q1	B9
GCATAAGGTA	TATGCAACTC	SetB	10	Q1	B10
CTGGTTAACA	TAACGCAGTC	SetB	10	Q1	B11
GCGAGTACAA	CCATAAGCCA	SetB	10	Q1	B12
CTTGATGGTT	CGGAACCAGT	SetB	10	Q1	C1
TAGTGAAGGA	CGCCATCAAT	SetB	10	Q1	C2
CATGGTGTAC	AGGACCTGTA	SetB	10	Q1	C3
CGATGCGAGA	CTAGACACTC	SetB	10	Q1	C4
TTCTGCCGTA	ACATGGCCTG	SetB	10	Q1	C5
TGCGGTATGG	TCCAGCTCAT	SetB	10	Q1	C6
CCATGCGACT	CACCAGCACA	SetB	10	Q1	C7
TAACAGTGGT	CCGCGATTAG	SetB	10	Q1	C8
TCGGTTACTA	AGTGCCGATG	SetB	10	Q1	C9
ATAGCGGTGC	GATCTATTGG	SetB	10	Q1	C10
TGGTGAGCAA	CATATTGGAG	SetB	10	Q1	C11
TTCCGTTCCA	AAGTCCATAG	SetB	10	Q1	C12
CCGCTTAATT	AGTACCATGA	SetB	10	Q1	D1
GACCTCGTCT	GCCGGTAAGT	SetB	10	Q1	D2
AGCCTATTAG	TACCAGAACG	SetB	10	Q1	D3
ATCGGTAGGC	CATTGGCCAA	SetB	10	Q1	D4
ACCTGATAAG	GCTGGCCAAT	SetB	10	Q1	D5
CCTATATGCA	CTACGTGGTA	SetB	10	Q1	D6
GATCAGGTGC	CTTATTCGGA	SetB	10	Q1	D7
TCACGAGTAC	CTGGCATCCA	SetB	10	Q1	D8
TGCATATGTG	CCTAGCAATT	SetB	10	Q1	D9
GTATAGTACG	CCTCCTCTTG	SetB	10	Q1	D10
TTGGCTGATA	TCGTTGTAGC	SetB	10	Q1	D11
GATGGCTTGG	GCAGACTTCA	SetB	10	Q1	D12
TGAGGCGATC	CCTTAAGCAG	SetB	10	Q1	E1
CCTTCAGAGC	CCTCATAACT	SetB	10	Q1	E2
AGAGGCCAAG	TTCATGGTGC	SetB	10	Q1	E3
ATTCCGATGA	CGGACGGAAT	SetB	10	Q1	E4
TATACGGTGA	CCGTGAGCAA	SetB	10	Q1	E5
TGAGGTAACA	TTGGCATCGC	SetB	10	Q1	E6
TTAGGCCTTC	GATCTGGTTA	SetB	10	Q1	E7
TCGATTCGTA	CCTATAATGC	SetB	10	Q1	E8
ACCTCTAACA	GTAAGGAATC	SetB	10	Q1	E9
AATGAGGAAC	AAGTAACGTC	SetB	10	Q1	E10
CTAATACCAG	TCCAGTTCTC	SetB	10	Q1	E11
TTGGAGGCCT	CTGTAGCGCT	SetB	10	Q1	E12
TCATAGCCGA	AGACTGATCA	SetB	10	Q1	F1
TATGGCTCGC	CGGTTGAACG	SetB	10	Q1	F2
CCTATGAAGG	AGAATGGAGG	SetB	10	Q1	F3
CGTCTCAAGC	GCGCGAACAT	SetB	10	Q1	F4
CATACTCCTC	ACCGGCGAAT	SetB	10	Q1	F5
AAGTGTAAGC	GCCAATTGCA	SetB	10	Q1	F6
AATCATCGAC	CCTGCAGCAT	SetB	10	Q1	F7
TGACTCGCGT	CCAGAGGAAT	SetB	10	Q1	F8
TTCTTCACAG	CCAATCAAGT	SetB	10	Q1	F9
CCGTTGCGTA	CACGTTACTC	SetB	10	Q1	F10
ACGCAGTGGA	CTACGTTCCA	SetB	10	Q1	F11
CCAGGCTCAA	TAAGGTGACA	SetB	10	Q1	F12
CGATTCACTA	AAGCAGGCTC	SetB	10	Q1	G1
CAGTACAGGC	GCTACACGAG	SetB	10	Q1	G2
AGCTTATCAC	TGCTATGCAG	SetB	10	Q1	G3
TTCGTGGTAG	ACCGCTAGCA	SetB	10	Q1	G4
TCGTATATGG	AGACAGTGGC	SetB	10	Q1	G5
ATGGCCGTTC	GTGCAGATTA	SetB	10	Q1	G6
TTCACGTACT	CTTACGAGTA	SetB	10	Q1	G7
AGTTCCGAGC	CCTCACAGAT	SetB	10	Q1	G8
TCTATGTTGG	CCAACAGATT	SetB	10	Q1	G9
TGCCACACTG	TAGAGTGAGA	SetB	10	Q1	G10
TCCGCTTCGA	TAAGGTTCGT	SetB	10	Q1	G11
ACCGTAGTGC	TCGTTCGTAA	SetB	10	Q1	G12
TATAGTCGAC	TCAGCAGAGG	SetB	10	Q1	H1
TCGTACTTGC	GCTAACGGCA	SetB	10	Q1	H2
AGACAACACT	ACGCAAGAAG	SetB	10	Q1	H3
TAGGCAACCG	TAGAGGCTTA	SetB	10	Q1	H4
TTACCATTCG	AGTAGAGTGT	SetB	10	Q1	H5
CCTATTGCGG	TCCTTGTCGG	SetB	10	Q1	H6
CTACGCACAG	CACTAATCAG	SetB	10	Q1	H7
TGCGCCACAA	AACCGAGATT	SetB	10	Q1	H8
AACTTGCCTT	TACACGAAGA	SetB	10	Q1	H9
CCATCTAGAA	AGCGACAGGT	SetB	10	Q1	H10
ATTGTTCCAC	GAGTAACCTT	SetB	10	Q1	H11
CCTCTCCACA	ACGGCTAGAG	SetB	10	Q1	H12
GACTGCAGCA	CTACCGCGTT	SetB	10	Q2	A1
ACTGTAGCTG	GCAAGAGATG	SetB	10	Q2	A2
GCAGATAATC	TCCTACAGCG	SetB	10	Q2	A3
TGCGCTCATG	CCAGTGACGA	SetB	10	Q2	A4
AGGCCTAAGA	GTGGCGGTTA	SetB	10	Q2	A5
TAATCCGCTT	AGACACTCTA	SetB	10	Q2	A6
TTCTTAGTCG	CCAAGCACAA	SetB	10	Q2	A7
TCAGTTGTTG	TATGTGCGCT	SetB	10	Q2	A8
TTCCTTCGAG	CTGTTAGGAT	SetB	10	Q2	A9
AGTAAGCTTC	CGCATCTTGA	SetB	10	Q2	A10
AAGGCGCCAT	AGAGGAGCAG	SetB	10	Q2	A11
CCTAATAGGA	AGGTCGATAA	SetB	10	Q2	A12
TCGTGATTGT	AGCGTAGCAA	SetB	10	Q2	B1
CTGGTGGTCA	CTCAACGGAG	SetB	10	Q2	B2
AGCCTACGTT	CTGTGCATTA	SetB	10	Q2	B3
AACCTTCAAG	GTGCGTCGTA	SetB	10	Q2	B4
TTCACGTCAA	CCATCCGAGT	SetB	10	Q2	B5
TTGGCGTTGT	CGCCACAGAA	SetB	10	Q2	B6
TCTAGACCGG	GCATCTTCTT	SetB	10	Q2	B7
CCTCATAATC	AAGATACAGC	SetB	10	Q2	B8
CCTCACAGAG	TTCCTAGCCG	SetB	10	Q2	B9
TCTTCACCTT	ACCTTCCGGT	SetB	10	Q2	B10
TATACCTCTC	TTACTAGGCA	SetB	10	Q2	B11
GCAGTTAACA	GAGTGTCTCA	SetB	10	Q2	B12
TTATCGCGTA	CGCTACACTC	SetB	10	Q2	C1
TATAGCCAGG	TCGGATGAGG	SetB	10	Q2	C2
CTTATCCGTT	GAGGCCACAT	SetB	10	Q2	C3
AGATAGGTAG	CCATAAGAGG	SetB	10	Q2	C4
CTTAATACGG	TTGGCTAGGC	SetB	10	Q2	C5
GCCGGTGTTA	TTAGAATCGG	SetB	10	Q2	C6
CATATGGCCG	GAACGGACTA	SetB	10	Q2	C7
CCGGATAAGT	TAATATCCGC	SetB	10	Q2	C8
TTGAGACCAG	GCATTCAGCG	SetB	10	Q2	C9
TCCGGTGTGT	AGGCCTTATA	SetB	10	Q2	C10
GATGTTCATC	AACGGATCGC	SetB	10	Q2	C11
TGGCTAGGTT	TACATGCCGT	SetB	10	Q2	C12
TACTATTCCG	CTAGATAACG	SetB	10	Q2	D1
CACGGTATAA	AGAACCGCTA	SetB	10	Q2	D2
ATCTGCAAGA	TTGTCTGTAG	SetB	10	Q2	D3
ACTAGCACGC	CGCTCGTGTT	SetB	10	Q2	D4
CTCGAATGCG	GATCATTCCT	SetB	10	Q2	D5
AGCTGGTAGG	CTTGAATTCG	SetB	10	Q2	D6
TAGGATCAAG	CCGTGTTCTC	SetB	10	Q2	D7
TCGGTCGATG	AGGCAGCTTA	SetB	10	Q2	D8
TTCCTCGGAC	TGACCTGCTG	SetB	10	Q2	D9
AAGTGTTACG	CCTATTCAGT	SetB	10	Q2	D10
CGAGAGGTGA	GTGTACACTA	SetB	10	Q2	D11
AGAGCCTATT	TCGCACTCCA	SetB	10	Q2	D12
TAGTTCCATC	CTGTGAATGT	SetB	10	Q2	E1
CCACTTCGGA	AGGTTACCTT	SetB	10	Q2	E2
GAAGTCATAC	TTGCCATCAG	SetB	10	Q2	E3
TCATCTTGCA	TTGTAGGACA	SetB	10	Q2	E4
AGTTCTTGAC	GCTACTTGAA	SetB	10	Q2	E5
AACGGATTAG	ACGCAAGTTC	SetB	10	Q2	E6
AGAGAGACAA	CCTGCTAGGA	SetB	10	Q2	E7
TCAACGGTAG	TGCGGACACA	SetB	10	Q2	E8
CCAATTCACA	AGGACACATA	SetB	10	Q2	E9
TCTGTGCCAC	GCAAGTATTG	SetB	10	Q2	E10
CTAGCGGTTA	TGAATCGCGT	SetB	10	Q2	E11
CCGAATTGGT	CCAATCCTAA	SetB	10	Q2	E12
TTCACATGAC	TTGGCTGCGT	SetB	10	Q2	F1
CCATGACGCA	GAGACAAGGA	SetB	10	Q2	F2
TCGGCCTATA	CCGGCCATTA	SetB	10	Q2	F3
TCCTTGATGG	CCGTAGTTGG	SetB	10	Q2	F4
AATCTGCGGC	GTGCAGTAAT	SetB	10	Q2	F5
ACTTCAGGCA	TAACTCAGCA	SetB	10	Q2	F6
AGAGACTCGG	TTCTGTTCTG	SetB	10	Q2	F7
ATGGCGTTAG	GCTTGTGCCA	SetB	10	Q2	F8
AAGAGTGTGA	CGATAACCAA	SetB	10	Q2	F9
CCTTAATTGC	GATATACCTC	SetB	10	Q2	F10
ACGGTTGGAC	CACCAATAGT	SetB	10	Q2	F11
AACTTGTTGC	TTCGTCAACT	SetB	10	Q2	F12
TGTGATGGCA	CGTGTTCTTA	SetB	10	Q2	G1
TCTGCACACT	TCACAGCTGC	SetB	10	Q2	G2
AGTCGAATTC	TGAACCACAA	SetB	10	Q2	G3
TCAGGACTCG	CCGCTAGCTT	SetB	10	Q2	G4
AGGTTGCTAG	GCCTAAGAAG	SetB	10	Q2	G5
AGTTATCCTC	TGTTGCACTA	SetB	10	Q2	G6
CTCATCTTAC	CCAGCTATAA	SetB	10	Q2	G7
TTAGCTGGCA	TGGCATCTGG	SetB	10	Q2	G8
TACTTCTGGT	GTCTTATCAG	SetB	10	Q2	G9
TAAGTGTGAG	CAAGAGGAGG	SetB	10	Q2	G10
ACTGGCGCTA	GCAATCGCAA	SetB	10	Q2	G11
TAGCTCTTAG	TCGGTGAATA	SetB	10	Q2	G12
AGCTCTGGCA	CGTAACATAG	SetB	10	Q2	H1
ACGAATAGTC	AAGCTAATGG	SetB	10	Q2	H2
ATGTTACTGC	CAATACCTTC	SetB	10	Q2	H3
TTCATGGTGT	CTCATGATGA	SetB	10	Q2	H4
AGTGCTAACG	AACGAGCCTC	SetB	10	Q2	H5
ATGCAGTTAC	ATGACTGCCG	SetB	10	Q2	H6
GAGTTGCCAG	GACATGAGTT	SetB	10	Q2	H7
CATACTAAGC	CTTAGTTGCA	SetB	10	Q2	H8
GACGACTAAC	CAGGCGTCAA	SetB	10	Q2	H9
GCTTATCGTA	GAAGCAACAA	SetB	10	Q2	H10
GAAGTAGCCG	TAACTCGTGG	SetB	10	Q2	H11
GCACTGCTGT	GACATGTAGA	SetB	10	Q2	H12
AACGCGGTAG	TGCTGCAGTC	SetB	10	Q3	A1
CATCTCTTGC	CAGCTACAGT	SetB	10	Q3	A2
CGCTGTAGGA	GATTATCTGC	SetB	10	Q3	A3
TCGTCACTGG	CATGAGCGCA	SetB	10	Q3	A4
TAACCGCCAC	TCTTAGGCCT	SetB	10	Q3	A5
TAGAGTGTCT	AAGCGGATTA	SetB	10	Q3	A6
TTGTGCTTGG	CGACTAAGAA	SetB	10	Q3	A7
AGCGCACATA	CAACAACTGA	SetB	10	Q3	A8
ATCCTAACAG	CTCGAAGGAA	SetB	10	Q3	A9
TCAAGATGCG	GAAGCTTACT	SetB	10	Q3	A10
CTGCTCCTCT	ATGGCGCCTT	SetB	10	Q3	A11
TTATCGACCT	TCCTATTAGG	SetB	10	Q3	A12
TTGCTACGCT	ACAATCACGA	SetB	10	Q3	B1
CTCCGTTGAG	TGACCACCAG	SetB	10	Q3	B2
TAATGCACAG	AACGTAGGCT	SetB	10	Q3	B3
TACGACGCAC	CTTGAAGGTT	SetB	10	Q3	B4
ACTCGGATGG	TTGACGTGAA	SetB	10	Q3	B5
TTCTGTGGCG	ACAACGCCAA	SetB	10	Q3	B6
AAGAAGATGC	CCGGTCTAGA	SetB	10	Q3	B7
GCTGTATCTT	GATTATGAGG	SetB	10	Q3	B8
CGGCTAGGAA	CTCTGTGAGG	SetB	10	Q3	B9
ACCGGAAGGT	AAGGTGAAGA	SetB	10	Q3	B10
TGCCTAGTAA	GAGAGGTATA	SetB	10	Q3	B11
TGAGACACTC	TGTTAACTGC	SetB	10	Q3	B12
GAGTGTAGCG	TACGCGATAA	SetB	10	Q3	C1
CCTCATCCGA	CCTGGCTATA	SetB	10	Q3	C2
ATGTGGCCTC	AACGGATAAG	SetB	10	Q3	C3
CCTCTTATGG	CTACCTATCT	SetB	10	Q3	C4
GCCTAGCCAA	CCGTATTAAG	SetB	10	Q3	C5
CCGATTCTAA	TAACACCGGC	SetB	10	Q3	C6
TAGTCCGTTC	CGGCCATATG	SetB	10	Q3	C7
GCGGATATTA	ACTTATCCGG	SetB	10	Q3	C8
CGCTGAATGC	CTGGTCTCAA	SetB	10	Q3	C9
TATAAGGCCT	ACACACCGGA	SetB	10	Q3	C10
GCGATCCGTT	GATGAACATC	SetB	10	Q3	C11
ACGGCATGTA	AACCTAGCCA	SetB	10	Q3	C12
CGTTATCTAG	CGGAATAGTA	SetB	10	Q3	D1
TAGCGGTTCT	TTATACCGTG	SetB	10	Q3	D2
CTACAGACAA	TCTTGCAGAT	SetB	10	Q3	D3
AACACGAGCG	GCGTGCTAGT	SetB	10	Q3	D4
AGGAATGATC	CGCATTCGAG	SetB	10	Q3	D5
CGAATTCAAG	CCTACCAGCT	SetB	10	Q3	D6
GAGAACACGG	CTTGATCCTA	SetB	10	Q3	D7
TAAGCTGCCT	CATCGACCGA	SetB	10	Q3	D8
CAGCAGGTCA	GTCCGAGGAA	SetB	10	Q3	D9
ACTGAATAGG	CGTAACACTT	SetB	10	Q3	D10
TAGTGTACAC	TCACCTCTCG	SetB	10	Q3	D11
TGGAGTGCGA	AATAGGCTCT	SetB	10	Q3	D12
ACATTCACAG	GATGGAACTA	SetB	10	Q3	E1
AAGGTAACCT	TCCGAAGTGG	SetB	10	Q3	E2
CTGATGGCAA	GTATGACTTC	SetB	10	Q3	E3
TGTCCTACAA	TGCAAGATGA	SetB	10	Q3	E4
TTCAAGTAGC	GTCAAGAACT	SetB	10	Q3	E5
GAACTTGCGT	CTAATCCGTT	SetB	10	Q3	E6
TCCTAGCAGG	TTGTCTCTCT	SetB	10	Q3	E7
TGTGTCCGCA	CTACCGTTGA	SetB	10	Q3	E8
TATGTGTCCT	TGTGAATTGG	SetB	10	Q3	E9
CAATACTTGC	GTGGCACAGA	SetB	10	Q3	E10
ACGCGATTCA	TAACCGCTAG	SetB	10	Q3	E11
TTAGGATTGG	ACCAATTCGG	SetB	10	Q3	E12
ACGCAGCCAA	GTCATGTGAA	SetB	10	Q3	F1
TCCTTGTCTC	TGCGTCATGG	SetB	10	Q3	F2
TAATGGCCGG	TATAGGCCGA	SetB	10	Q3	F3
CCAACTACGG	CCATCAAGGA	SetB	10	Q3	F4
ATTACTGCAC	GCCGCAGATT	SetB	10	Q3	F5
TGCTGAGTTA	TGCCTGAAGT	SetB	10	Q3	F6
CAGAACAGAA	CCGAGTCTCT	SetB	10	Q3	F7
TGGCACAAGC	CTAACGCCAT	SetB	10	Q3	F8
TTGGTTATCG	TCACACTCTT	SetB	10	Q3	F9
GAGGTATATC	GCAATTAAGG	SetB	10	Q3	F10
ACTATTGGTG	GTCCAACCGT	SetB	10	Q3	F11
AGTTGACGAA	GCAACAAGTT	SetB	10	Q3	F12
TAAGAACACG	TGCCATCACA	SetB	10	Q3	G1
GCAGCTGTGA	AGTGTGCAGA	SetB	10	Q3	G2
TTGTGGTTCA	GAATTCGACT	SetB	10	Q3	G3
AAGCTAGCGG	CGAGTCCTGA	SetB	10	Q3	G4
CTTCTTAGGC	CTAGCAACCT	SetB	10	Q3	G5
TAGTGCAACA	GAGGATAACT	SetB	10	Q3	G6
TTATAGCTGG	GTAAGATGAG	SetB	10	Q3	G7
CCAGATGCCA	TGCCAGCTAA	SetB	10	Q3	G8
CTGATAAGAC	ACCAGAAGTA	SetB	10	Q3	G9
CCTCCTCTTG	CTCACACTTA	SetB	10	Q3	G10
TTGCGATTGC	TAGCGCCAGT	SetB	10	Q3	G11
TATTCACCGA	CTAAGAGCTA	SetB	10	Q3	G12
CTATGTTACG	TGCCAGAGCT	SetB	10	Q3	H1
CCATTAGCTT	GACTATTCGT	SetB	10	Q3	H2
GAAGGTATTG	GCAGTAACAT	SetB	10	Q3	H3
TCATCATGAG	ACACCATGAA	SetB	10	Q3	H4
GAGGCTCGTT	CGTTAGCACT	SetB	10	Q3	H5
CGGCAGTCAT	GTAACTGCAT	SetB	10	Q3	H6
AACTCATGTC	CTGGCAACTC	SetB	10	Q3	H7
TGCAACTAAG	GCTTAGTATG	SetB	10	Q3	H8
TTGACGCCTG	GTTAGTCGTC	SetB	10	Q3	H9
TTGTTGCTTC	TACGATAAGC	SetB	10	Q3	H10
CCACGAGTTA	CGGCTACTTC	SetB	10	Q3	H11
TCTACATGTC	ACAGCAGTGC	SetB	10	Q3	H12
CTGTTCTACG	CCGCTAACAG	SetB	10	Q4	A1
AATATGCCAG	TTATCTTCCG	SetB	10	Q4	A2
GCGAGGTTCT	AACGAAGTGT	SetB	10	Q4	A3
CTTAACGACA	TTGAGCGACG	SetB	10	Q4	A4
CAGCGGTATG	TCGGCCAAGT	SetB	10	Q4	A5
GCTATTGAAG	GCAATCAATC	SetB	10	Q4	A6
ACGGACTGAG	ACCGGAGTAA	SetB	10	Q4	A7
ATTGTAAGCG	TGCAAGCGTG	SetB	10	Q4	A8
CGGTCTCTCT	GTTCTGTCTA	SetB	10	Q4	A9
AAGTGTGCTA	GAAGAGCAAT	SetB	10	Q4	A10
AGATGCTCCG	TATGTGTGTC	SetB	10	Q4	A11
GAACCAAGCG	GCCGTTGAAG	SetB	10	Q4	A12
CCTCTTCAAG	TAGCCTGTGG	SetB	10	Q4	B1
GAATGGCGTT	TATGCCGGCA	SetB	10	Q4	B2
GACCAATTGT	AGACGTTAGT	SetB	10	Q4	B3
CGTAACACTA	TAATCCGGAA	SetB	10	Q4	B4
GCCTAGGAAG	AACACGAGAA	SetB	10	Q4	B5
GCTGGAGAAG	ACAACTCGAG	SetB	10	Q4	B6
TATTGCGCTA	CGGCACATGA	SetB	10	Q4	B7
TGTGGTCTAA	CTATCTCTCA	SetB	10	Q4	B8
ATGCTTGGTC	AAGTTACCAG	SetB	10	Q4	B9
GAGTTGCATA	TACCTTATGC	SetB	10	Q4	B10
GACTGCGTTA	TGTTAACCAG	SetB	10	Q4	B11
TGGCTTATGG	TTGTACTCGC	SetB	10	Q4	B12
ACTGGTTCCG	AACCATCAAG	SetB	10	Q4	C1
ATTGATGGCG	TCCTTCACTA	SetB	10	Q4	C2
TACAGGTCCT	GTACACCATG	SetB	10	Q4	C3
GAGTGTCTAG	TCTCGCATCG	SetB	10	Q4	C4
CAGGCCATGT	TACGGCAGAA	SetB	10	Q4	C5
ATGAGCTGGA	CCATACCGCA	SetB	10	Q4	C6
TGTGCTGGTG	AGTCGCATGG	SetB	10	Q4	C7
CTAATCGCGG	ACCACTGTTA	SetB	10	Q4	C8
CATCGGCACT	TAGTAACCGA	SetB	10	Q4	C9
CCAATAGATC	GCACCGCTAT	SetB	10	Q4	C10
CTCCAATATG	TTGCTCACCA	SetB	10	Q4	C11
CTATGGACTT	TGGAACGGAA	SetB	10	Q4	C12
TCATGGTACT	AATTAAGCGG	SetB	10	Q4	D1
ACTTACCGGC	AGACGAGGTC	SetB	10	Q4	D2
CGTTCTGGTA	CTAATAGGCT	SetB	10	Q4	D3
TTGGCCAATG	GCCTACCGAT	SetB	10	Q4	D4
ATTGGCCAGC	CTTATCAGGT	SetB	10	Q4	D5
TACCACGTAG	TGCATATAGG	SetB	10	Q4	D6
TCCGAATAAG	GCACCTGATC	SetB	10	Q4	D7
TGGATGCCAG	GTACTCGTGA	SetB	10	Q4	D8
AATTGCTAGG	CACATATGCA	SetB	10	Q4	D9
CAAGAGGAGG	CGTACTATAC	SetB	10	Q4	D10
GCTACAACGA	TATCAGCCAA	SetB	10	Q4	D11
TGAAGTCTGC	CCAAGCCATC	SetB	10	Q4	D12
CTGCTTAAGG	GATCGCCTCA	SetB	10	Q4	E1
AGTTATGAGG	GCTCTGAAGG	SetB	10	Q4	E2
GCACCATGAA	CTTGGCCTCT	SetB	10	Q4	E3
ATTCCGTCCG	TCATCGGAAT	SetB	10	Q4	E4
TTGCTCACGG	TCACCGTATA	SetB	10	Q4	E5
GCGATGCCAA	TGTTACCTCA	SetB	10	Q4	E6
TAACCAGATC	GAAGGCCTAA	SetB	10	Q4	E7
GCATTATAGG	TACGAATCGA	SetB	10	Q4	E8
GATTCCTTAC	TGTTAGAGGT	SetB	10	Q4	E9
GACGTTACTT	GTTCCTCATT	SetB	10	Q4	E10
GAGAACTGGA	CTGGTATTAG	SetB	10	Q4	E11
AGCGCTACAG	AGGCCTCCAA	SetB	10	Q4	E12
TGATCAGTCT	TCGGCTATGA	SetB	10	Q4	F1
CGTTCAACCG	GCGAGCCATA	SetB	10	Q4	F2
CCTCCATTCT	CCTTCATAGG	SetB	10	Q4	F3
ATGTTCGCGC	GCTTGAGACG	SetB	10	Q4	F4
ATTCGCCGGT	GAGGAGTATG	SetB	10	Q4	F5
TGCAATTGGC	GCTTACACTT	SetB	10	Q4	F6
ATGCTGCAGG	GTCGATGATT	SetB	10	Q4	F7
ATTCCTCTGG	ACGCGAGTCA	SetB	10	Q4	F8
ACTTGATTGG	CTGTGAAGAA	SetB	10	Q4	F9
GAGTAACGTG	TACGCAACGG	SetB	10	Q4	F10
TGGAACGTAG	TCCACTGCGT	SetB	10	Q4	F11
TGTCACCTTA	TTGAGCCTGG	SetB	10	Q4	F12
GAGCCTGCTT	TAGTGAATCG	SetB	10	Q4	G1
CTCGTGTAGC	GCCTGTACTG	SetB	10	Q4	G2
CTGCATAGCA	GTGATAAGCT	SetB	10	Q4	G3
TGCTAGCGGT	CTACCACGAA	SetB	10	Q4	G4
GCCACTGTCT	CCATATACGA	SetB	10	Q4	G5
TAATCTGCAC	GAACGGCCAT	SetB	10	Q4	G6
TACTCGTAAG	AGTACGTGAA	SetB	10	Q4	G7
ATCTGTGAGG	GCTCGGAACT	SetB	10	Q4	G8
AATCTGTTGG	CCAACATAGA	SetB	10	Q4	G9
TCTCACTCTA	CAGTGTGGCA	SetB	10	Q4	G10
ACGAACCTTA	TCGAAGCGGA	SetB	10	Q4	G11
TTACGAACGA	GCACTACGGT	SetB	10	Q4	G12
CCTCTGCTGA	GTCGACTATA	SetB	10	Q4	H1
TGCCGTTAGC	GCAAGTACGA	SetB	10	Q4	H2
CTTCTTGCGT	AGTGTTGTCT	SetB	10	Q4	H3
TAAGCCTCTA	CGGTTGCCTA	SetB	10	Q4	H4
ACACTCTACT	CGAATGGTAA	SetB	10	Q4	H5
CCGACAAGGA	CCGCAATAGG	SetB	10	Q4	H6
CTGATTAGTG	CTGTGCGTAG	SetB	10	Q4	H7
AATCTCGGTT	TTGTGGCGCA	SetB	10	Q4	H8
TCTTCGTGTA	AAGGCAAGTT	SetB	10	Q4	H9
ACCTGTCGCT	TTCTAGATGG	SetB	10	Q4	H10
AAGGTTACTC	GTGGAACAAT	SetB	10	Q4	H11
CTCTAGCCGT	TGTGGAGAGG	SetB	10	Q4	H12
